{
	"info": {
		"_postman_id": "e5d66265-197f-48a3-a1ef-bf235ae89a78",
		"name": "Auctionista",
		"schema": "https://schema.getpostman.com/json/collection/v2.1.0/collection.json"
	},
	"item": [
		{
			"name": "User story 1,2 och 7",
			"event": [
				{
					"listen": "test",
					"script": {
						"id": "9309a68a-ed22-4a84-899a-78e8ad8c84de",
						"exec": [
							"pm.test(\"Status code is 200\", function () {\r",
							"    pm.response.to.have.status(200);\r",
							"});\r",
							"\r",
							"pm.test(\"Your test name\", function () {\r",
							"    var jsonData = pm.response.json();\r",
							"    pm.expect(jsonData.affectedRows).to.eql(1);\r",
							"});"
						],
						"type": "text/javascript"
					}
				}
			],
			"request": {
				"method": "POST",
				"header": [],
				"body": {
					"mode": "raw",
					"raw": "{\r\n        \"seller_id\": 55,\r\n        \"item_name\": \"Alvedon\",\r\n        \"item_desc\": \"Lorem ipsum\",\r\n        \"item_img\": \"http://dummyimage.com/222x148.bmp/dddddd/000000\",\r\n        \"reserved_price\": 4400,\r\n        \"auction_start\": \"2020-03-14T23:00:00.000Z\",\r\n        \"auction_end\": \"2020-03-17T23:00:00.000Z\"\r\n    }",
					"options": {
						"raw": {
							"language": "json"
						}
					}
				},
				"url": {
					"raw": "localhost:3000/data/items",
					"host": [
						"localhost"
					],
					"port": "3000",
					"path": [
						"data",
						"items"
					]
				},
				"description": "Som säljare vill jag kunna skapa auktioner"
			},
			"response": []
		},
		{
			"name": "User story 3",
			"event": [
				{
					"listen": "test",
					"script": {
						"id": "5c8737db-d450-4943-b108-09ee6f6ec3f2",
						"exec": [
							"pm.test(\"Status code is 200\", function () {",
							"    pm.response.to.have.status(200);",
							"});",
							"pm.test(\"Response is an array\", function () {",
							"    var jsonData = pm.response.json();",
							"    pm.expect(jsonData).to.be.an('array')",
							"});",
							"pm.test(\"Response objects should all contain at least item_name and auction_end\", function () {",
							"    let jsonData = pm.response.json();",
							"    for(let obj of jsonData){",
							"        pm.expect(obj).to.have.any.keys('item_name','auction_end');",
							"    }",
							"});"
						],
						"type": "text/javascript"
					}
				}
			],
			"request": {
				"method": "GET",
				"header": [],
				"url": {
					"raw": "localhost:3000/data/3_ongoing_auctions",
					"host": [
						"localhost"
					],
					"port": "3000",
					"path": [
						"data",
						"3_ongoing_auctions"
					]
				}
			},
			"response": []
		},
		{
			"name": "User story 4",
			"event": [
				{
					"listen": "test",
					"script": {
						"id": "4303abb7-624b-4eda-af2a-7ba5e98bb213",
						"exec": [
							"pm.test(\"Status code is 200\", function () {\r",
							"    pm.response.to.have.status(200);\r",
							"});\r",
							"\r",
							"pm.test(\"Bid_test\", function () {\r",
							"    var jsonData = pm.response.json();\r",
							"    pm.expect(jsonData.affectedRows).to.eql(1);\r",
							"});"
						],
						"type": "text/javascript"
					}
				}
			],
			"request": {
				"method": "POST",
				"header": [],
				"body": {
					"mode": "raw",
					"raw": "{\r\n\r\n        \"bid_item\": 3,\r\n        \"bid_user\": 7,\r\n        \"bid_price\": 9463,\r\n        \"bid_time\": \"2020-03-20T12:58:18.000Z\"\r\n    }",
					"options": {
						"raw": {
							"language": "json"
						}
					}
				},
				"url": {
					"raw": "localhost:3000/data/bids",
					"host": [
						"localhost"
					],
					"port": "3000",
					"path": [
						"data",
						"bids"
					]
				}
			},
			"response": []
		},
		{
			"name": "User story 5",
			"event": [
				{
					"listen": "test",
					"script": {
						"id": "c14906ce-6d23-4892-97bc-990fef07df85",
						"exec": [
							"pm.test(\"Status code is 200\", function () {\r",
							"    pm.response.to.have.status(200);\r",
							"});\r",
							"\r",
							"// Vi förväntar oss en lista, testa att svaret är en array:\r",
							"pm.test(\"Response is an array\", function () {\r",
							"    var jsonData = pm.response.json();\r",
							"    pm.expect(jsonData).to.be.an('array')\r",
							"});\r",
							"pm.test(\"Response objects should all contain the item name and the user name\", function () {\r",
							"    let jsonData = pm.response.json();\r",
							"    for(let obj of jsonData){\r",
							"        pm.expect(obj).to.have.any.keys('item_name','user_name');\r",
							"    }\r",
							"});"
						],
						"type": "text/javascript"
					}
				}
			],
			"request": {
				"method": "GET",
				"header": [],
				"url": {
					"raw": "localhost:3000/data/5_auction_creator",
					"host": [
						"localhost"
					],
					"port": "3000",
					"path": [
						"data",
						"5_auction_creator"
					]
				}
			},
			"response": []
		},
		{
			"name": "User story 6",
			"event": [
				{
					"listen": "test",
					"script": {
						"id": "2c4898d2-5268-46f2-9e23-0dc6f2f05a8c",
						"exec": [
							"pm.test(\"Status code is 200\", function () {\r",
							"    pm.response.to.have.status(200);\r",
							"});\r",
							"\r",
							"// Vi förväntar oss en lista, testa att svaret är en array:\r",
							"pm.test(\"Response is an array\", function () {\r",
							"    var jsonData = pm.response.json();\r",
							"    pm.expect(jsonData).to.be.an('array')\r",
							"});\r",
							"pm.test(\"Response objects should all contain the name of the auction and the the relevant bids in order\", function () {\r",
							"    let jsonData = pm.response.json();\r",
							"    for(let obj of jsonData){\r",
							"        pm.expect(obj).to.have.any.keys('item_name','bid_time','bid_id');\r",
							"    }\r",
							"});"
						],
						"type": "text/javascript"
					}
				}
			],
			"request": {
				"method": "GET",
				"header": [],
				"url": {
					"raw": "localhost:3000/data/6_latest_bid/56",
					"host": [
						"localhost"
					],
					"port": "3000",
					"path": [
						"data",
						"6_latest_bid",
						"56"
					]
				}
			},
			"response": []
		},
		{
			"name": "User story 8",
			"event": [
				{
					"listen": "test",
					"script": {
						"id": "2776ba32-348f-4614-bad8-a17e3c0dae6b",
						"exec": [
							"pm.test(\"Status code is 200\", function () {\r",
							"    pm.response.to.have.status(200);\r",
							"});\r",
							"\r",
							"// Vi förväntar oss en lista, testa att svaret är en array:\r",
							"pm.test(\"Response is an array\", function () {\r",
							"    var jsonData = pm.response.json();\r",
							"    pm.expect(jsonData).to.be.an('array')\r",
							"});\r",
							"pm.test(\"Response objects should all contain the item name and wether the reserved price has been met\", function () {\r",
							"    let jsonData = pm.response.json();\r",
							"    for(let obj of jsonData){\r",
							"        pm.expect(obj).to.have.any.keys('item_name','reserve_price_met');\r",
							"    }\r",
							"});"
						],
						"type": "text/javascript"
					}
				}
			],
			"request": {
				"method": "GET",
				"header": [],
				"url": {
					"raw": "localhost:3000/data/8_reserved_price_reached",
					"host": [
						"localhost"
					],
					"port": "3000",
					"path": [
						"data",
						"8_reserved_price_reached"
					]
				}
			},
			"response": []
		},
		{
			"name": "User story 9",
			"event": [
				{
					"listen": "test",
					"script": {
						"id": "388dd0c0-efa0-492f-a458-8fe6929678ec",
						"exec": [
							"pm.test(\"Status code is 200\", function () {\r",
							"    pm.response.to.have.status(200);\r",
							"});\r",
							"\r",
							"\r",
							"pm.test(\"Response is an array\", function () {\r",
							"    var jsonData = pm.response.json();\r",
							"    pm.expect(jsonData).to.be.an('array')\r",
							"});\r",
							"pm.test(\"Response objects should all contain the item name and the auction start\", function () {\r",
							"    let jsonData = pm.response.json();\r",
							"    for(let obj of jsonData){\r",
							"        pm.expect(obj).to.have.any.keys('item_name','auction_start');\r",
							"    }\r",
							"});"
						],
						"type": "text/javascript"
					}
				}
			],
			"request": {
				"method": "GET",
				"header": [],
				"url": {
					"raw": "localhost:3000/data/9_latest_publ_auction",
					"host": [
						"localhost"
					],
					"port": "3000",
					"path": [
						"data",
						"9_latest_publ_auction"
					]
				}
			},
			"response": []
		},
		{
			"name": "User story 10",
			"event": [
				{
					"listen": "test",
					"script": {
						"id": "b895229e-49fb-4c2a-adda-e396b7f8a89d",
						"exec": [
							"pm.test(\"Status code is 200\", function () {\r",
							"    pm.response.to.have.status(200);\r",
							"});\r",
							"\r",
							"pm.test(\"Response is an array\", function () {\r",
							"    var jsonData = pm.response.json();\r",
							"    pm.expect(jsonData).to.be.an('array')\r",
							"});\r",
							"pm.test(\"Response objects should all contain the item name and the auction end \", function () {\r",
							"    let jsonData = pm.response.json();\r",
							"    for(let obj of jsonData){\r",
							"        pm.expect(obj).to.have.any.keys('item_name','auction_end');\r",
							"    }\r",
							"});"
						],
						"type": "text/javascript"
					}
				}
			],
			"request": {
				"method": "GET",
				"header": [],
				"url": {
					"raw": "localhost:3000/data/10_auction_ending_first",
					"host": [
						"localhost"
					],
					"port": "3000",
					"path": [
						"data",
						"10_auction_ending_first"
					]
				}
			},
			"response": []
		}
	],
	"protocolProfileBehavior": {}
}